texto,categoria
O novo processador tem oito nucleos e alta velocidade de clock.,tecnologia
A inteligencia artificial esta transformando o mercado de software.,tecnologia
Precisamos atualizar o servidor para melhorar o desempenho do site.,tecnologia
A linguagem Python e muito usada em ciencia de dados.,tecnologia
O smartphone novo vem com uma bateria de longa duracao.,tecnologia
Redes neurais aprendem padroes a partir de grandes volumes de dados.,tecnologia
A computacao em nuvem permite acessar arquivos de qualquer lugar.,tecnologia
Programadores usam controle de versao para colaborar em projetos.,tecnologia
O algoritmo de busca retorna resultados em milissegundos.,tecnologia
A criptografia protege os dados durante a transmissao pela internet.,tecnologia
O aplicativo trava quando abrimos muitas abas ao mesmo tempo.,tecnologia
Placas de video modernas aceleram o treino de modelos de aprendizado.,tecnologia
O banco de dados armazena milhoes de registros de usuarios.,tecnologia
Compiladores traduzem codigo fonte em instrucoes de maquina.,tecnologia
A realidade virtual cria ambientes imersivos em tres dimensoes.,tecnologia
Conteineres facilitam a implantacao de aplicacoes em qualquer ambiente.,tecnologia
O modelo de linguagem gera texto coerente a partir de um comando.,tecnologia
A memoria insuficiente deixa o computador lento durante o uso.,tecnologia
Testes automatizados ajudam a evitar erros no sistema.,tecnologia
O robo aspirador mapeia a casa com sensores a laser.,tecnologia
A rede de fibra optica aumentou muito a velocidade da internet.,tecnologia
Desenvolvedores publicaram uma nova versao do aplicativo hoje.,tecnologia
O chip de seguranca protege as senhas armazenadas no aparelho.,tecnologia
A automacao industrial usa sensores conectados a um sistema central.,tecnologia
O navegador bloqueia rastreadores para proteger a privacidade.,tecnologia
O jogador marcou um gol incrivel nos ultimos minutos da partida.,esportes
A selecao venceu o campeonato depois de uma disputa de penaltis.,esportes
O maratonista treinou meses para completar a corrida de rua.,esportes
O time de basquete converteu a cesta de tres pontos no fim.,esportes
A tenista sacou forte e conquistou o ponto decisivo.,esportes
O tecnico mudou a formacao tatica no segundo tempo.,esportes
Os nadadores competiram na prova dos cem metros livres.,esportes
O ciclista liderou a etapa nas montanhas com folga.,esportes
A torcida vibrou com a vitoria no ultimo lance do jogo.,esportes
O goleiro defendeu o penalti e garantiu o titulo.,esportes
O boxeador venceu a luta por nocaute no terceiro round.,esportes
A ginasta executou um salto perfeito e recebeu nota maxima.,esportes
O piloto largou na pole position e venceu a corrida.,esportes
A equipe de volei conquistou a medalha de ouro.,esportes
O atleta bateu o recorde mundial de salto em distancia.,esportes
A partida de futebol terminou empatada em dois a dois.,esportes
O time avancou com forca ate a linha de fundo do campo.,esportes
O surfista dropou uma onda gigante no campeonato.,esportes
Os jogadores comemoraram a classificacao para a final.,esportes
O arbitro apitou o fim do jogo e encerrou a disputa.,esportes
O corredor cruzou a linha de chegada em primeiro lugar.,esportes
A defesa do time foi decisiva para segurar o resultado.,esportes
O treino de forca melhora o desempenho dos atletas.,esportes
A delegacao conquistou varias medalhas nos jogos.,esportes
O jogador foi expulso apos receber o segundo cartao amarelo.,esportes
"A receita leva farinha, ovos, acucar e uma pitada de sal.",culinaria
O molho de tomate fica mais saboroso com manjericao fresco.,culinaria
Assamos o bolo de chocolate por quarenta minutos no forno.,culinaria
O restaurante serve uma feijoada completa aos sabados.,culinaria
A massa da pizza precisa descansar antes de ir ao forno.,culinaria
Refogamos a cebola e o alho antes de adicionar o arroz.,culinaria
"O cafe da manha inclui pao quentinho, manteiga e suco de laranja.",culinaria
A sobremesa era um pudim de leite bem cremoso.,culinaria
Temperamos a carne com sal grosso e alecrim antes de grelhar.,culinaria
A sopa de legumes aquece bem nos dias frios de inverno.,culinaria
O chef finalizou o prato com uma reducao de vinho tinto.,culinaria
Batemos as claras em neve para deixar o bolo fofo.,culinaria
O peixe grelhado veio acompanhado de arroz e salada verde.,culinaria
A padaria vende croissants amanteigados logo cedo.,culinaria
Colocamos queijo derretido por cima do macarrao gratinado.,culinaria
O suco de frutas frescas e uma otima opcao no verao.,culinaria
A lasanha ficou pronta com camadas de molho e presunto.,culinaria
Deixamos a massa do pao crescer por duas horas.,culinaria
O hamburguer artesanal vinha com bacon e cebola caramelizada.,culinaria
O doce de leite caseiro acompanha bem o queijo.,culinaria
Servimos o risoto de cogumelos ainda bem cremoso.,culinaria
"A salada tinha folhas verdes, tomate e azeite de oliva.",culinaria
O churrasco de domingo reuniu a familia no quintal.,culinaria
Preparamos brigadeiros para a festa de aniversario.,culinaria
O tempero da comida ficou perfeito com pimenta e limao.,culinaria
A floresta amazonica abriga uma enorme diversidade de especies.,natureza
O rio corre entre as montanhas ate desaguar no mar.,natureza
As abelhas sao essenciais para a polinizacao das plantas.,natureza
O desmatamento ameaca o habitat de muitos animais silvestres.,natureza
A chuva forte encheu os lagos e regou as plantacoes.,natureza
O passaro construiu o ninho no alto da arvore.,natureza
As tartarugas marinhas retornam a praia para desovar.,natureza
O vento espalha as sementes pelo campo aberto.,natureza
A reciclagem ajuda a reduzir a poluicao do meio ambiente.,natureza
O sol nasce atras das colinas iluminando o vale.,natureza
A geleira derrete mais rapido por causa do aquecimento global.,natureza
As raizes das arvores seguram o solo e evitam a erosao.,natureza
O recife de corais abriga peixes de cores vibrantes.,natureza
A trilha na mata revela cachoeiras escondidas.,natureza
Os lobos vivem em matilhas nas regioes frias do norte.,natureza
A borboleta pousou suavemente sobre a flor amarela.,natureza
O deserto tem noites frias e dias muito quentes.,natureza
A preservacao das nascentes garante agua limpa para todos.,natureza
O urso hiberna durante o inverno rigoroso.,natureza
As folhas caem no outono e cobrem o chao da floresta.,natureza
"A savana africana e o lar de leoes, zebras e girafas.",natureza
O oceano cobre a maior parte da superficie do planeta.,natureza
A montanha nevada atrai alpinistas do mundo inteiro.,natureza
O ecossistema depende do equilibrio entre as especies.,natureza
A neblina cobriu o vale logo ao amanhecer.,natureza
A vacina previne diversas doencas graves na populacao.,saude
O medico receitou um antibiotico para tratar a infeccao.,saude
A pressao arterial deve ser monitorada com regularidade.,saude
Exercicios fisicos melhoram a saude do coracao.,saude
O paciente se recuperou bem apos a cirurgia.,saude
Uma dieta equilibrada previne muitas doencas cronicas.,saude
Dormir bem e fundamental para a recuperacao do corpo.,saude
O enfermeiro mediu a temperatura e a saturacao do paciente.,saude
Beber agua com frequencia ajuda a manter o corpo hidratado.,saude
A fisioterapia ajudou o joelho a recuperar o movimento.,saude
O exame de sangue detectou uma leve anemia.,saude
A consulta com o dentista preveniu problemas nos dentes.,saude
O uso de mascara reduz a transmissao de virus respiratorios.,saude
A meditacao ajuda a diminuir o estresse do dia a dia.,saude
O cardiologista recomendou reduzir o sal na alimentacao.,saude
A vacinacao infantil protege contra sarampo e poliomielite.,saude
Caminhar todos os dias melhora a circulacao sanguinea.,saude
O tratamento incluiu repouso e muita hidratacao.,saude
A nutricionista montou um cardapio rico em fibras.,saude
O hospital ampliou o numero de leitos na emergencia.,saude
A saude mental merece a mesma atencao que a fisica.,saude
O medico pediu uma tomografia para investigar a dor.,saude
Lavar as maos com frequencia previne muitas infeccoes.,saude
A pratica de alongamento evita lesoes musculares.,saude
O check-up anual ajuda a detectar doencas no inicio.,saude
A professora explicou o teorema de Pitagoras no quadro.,educacao
Os alunos entregaram o trabalho de historia na data marcada.,educacao
A biblioteca da escola recebeu novos livros de literatura.,educacao
O estudante revisou a materia antes da prova de matematica.,educacao
A universidade abriu inscricoes para os cursos de graduacao.,educacao
O professor corrigiu as redacoes durante o fim de semana.,educacao
A aula de geografia abordou os climas do Brasil.,educacao
Os estudantes participaram de uma feira de ciencias.,educacao
A escola adotou tablets para as atividades em sala.,educacao
O curso online oferece certificado ao final das aulas.,educacao
A monitoria ajuda os alunos com dificuldades em fisica.,educacao
O vestibular avalia conhecimentos de varias disciplinas.,educacao
A turma leu um classico da literatura brasileira.,educacao
O laboratorio de quimica tem equipamentos para experimentos.,educacao
A palestra motivou os jovens a seguir a carreira academica.,educacao
O diretor anunciou o calendario do proximo semestre letivo.,educacao
Os alunos apresentaram seminarios sobre o meio ambiente.,educacao
A bolsa de estudos cobre a mensalidade da faculdade.,educacao
A prova final avaliou todo o conteudo do ano.,educacao
O intercambio permite estudar em outro pais por um ano.,educacao
A pesquisa cientifica exige metodo e dedicacao.,educacao
O caderno estava cheio de anotacoes sobre a aula.,educacao
A educacao infantil estimula a curiosidade das criancas.,educacao
O tutor explicou o exercicio passo a passo.,educacao
A formatura reuniu os alunos e suas familias no auditorio.,educacao
